Ref,Val,Package,PosX,PosY,Rot,Side
"C1","4.7uF","C_0603_1608Metric",16.853367,-17.640490,0.000000,top
"C2","10uF","C_0805_2012Metric",9.212388,-14.556926,90.000000,top
"C3","10uF","C_0805_2012Metric",22.245995,-7.314868,90.000000,top
"C4","10uF","C_0805_2012Metric",13.095003,-18.421672,90.000000,top
"C5","10uF","C_0805_2012Metric",8.952474,-19.070647,0.000000,top
"C6","10uF","C_0805_2012Metric",6.855384,-16.092046,90.000000,top
"C7","22uF","C_0805_2012Metric",20.626730,-27.531105,90.000000,top
"C8","22uF","C_0805_2012Metric",13.095003,-27.568328,90.000000,top
"C9","22uF","C_0805_2012Metric",8.952474,-26.919353,0.000000,top
"C10","10uF","C_0805_2012Metric",17.658236,-28.367956,0.000000,top
"C11","100nF","C_0603_1608Metric",12.100000,-23.245000,180.000000,top
"C12","2.2uF","C_0805_2012Metric",19.582934,-38.238774,0.000000,top
"C13","2.2uF","C_0805_2012Metric",25.158310,-40.694868,90.000000,top
"C14","100nF","C_0603_1608Metric",26.339631,-10.958758,90.000000,top
"C15","1uF","C_0603_1608Metric",47.926115,-3.738374,90.000000,top
"C16","10uF","C_0805_2012Metric",26.223703,-7.190262,90.000000,top
"C17","100nF","C_0603_1608Metric",24.257692,-7.634447,90.000000,top
"C18","100nF","C_0603_1608Metric",61.498087,-9.099572,0.000000,top
"C19","100nF","C_0603_1608Metric",62.234404,-17.997834,90.000000,top
"C20","100nF","C_0603_1608Metric",60.189463,-28.725522,0.000000,top
"C21","100nF","C_0603_1608Metric",62.234404,-26.097834,90.000000,top
"C22","100nF","C_0603_1608Metric",63.020000,-13.995000,90.000000,top
"D1","BZX84-C3V6","SOT-23",22.545000,-16.795000,0.000000,top
"J1","USB-C","USB_C_Receptacle_HCTL_HC-TYPE-C-16P-01A",35.000000,-49.500000,0.000000,top
"J2","J_BATT","JST_PH_B3B-PH-K_1x03_P2.00mm_Vertical",3.345000,-3.995000,0.000000,top
"J3","J_ECG","JST_PH_B6B-PH-K_1x06_P2.00mm_Vertical",77.945000,-39.495000,-90.000000,top
"J4","J_PPG","JST_PH_B5B-PH-K_1x05_P2.00mm_Vertical",4.145000,-26.795000,-90.000000,top
"J5","J_TEMP","JST_PH_B4B-PH-K_1x04_P2.00mm_Vertical",13.845000,-46.995000,0.000000,top
"J6","J_GSR","JST_PH_B2B-PH-K_1x02_P2.00mm_Vertical",53.345000,-46.495000,0.000000,top
"J7","J_RESP_T","JST_PH_B2B-PH-K_1x02_P2.00mm_Vertical",61.845000,-46.495000,0.000000,top
"J8","J_RESP_A","JST_PH_B2B-PH-K_1x02_P2.00mm_Vertical",69.845000,-46.495000,0.000000,top
"J9","J_BATT_METER","JST_PH_B2B-PH-K_1x02_P2.00mm_Vertical",4.200000,-44.000000,0.000000,top
"L1","1.5uH","L_Coilcraft_XAL4020-XXX",19.800000,-23.295000,-90.000000,top
"Q1","BSS84","SOT-23",26.345000,-28.395000,0.000000,top
"Q2","BSS138","SOT-23",26.345000,-32.395000,180.000000,top
"Q3","BSS138","SOT-23",26.345000,-36.395000,0.000000,top
"Q4","BSS84","SOT-23",10.800000,-40.000000,0.000000,top
"Q5","BSS138","SOT-23",15.500000,-40.000000,0.000000,top
"R1","5.1k","R_0603_1608Metric",30.500000,-40.300000,90.000000,top
"R2","5.1k","R_0603_1608Metric",39.700000,-40.300000,90.000000,top
"R3","0","R_0603_1608Metric",36.968590,-24.058223,0.000000,top
"R4","10.0k","R_0603_1608Metric",7.013975,-10.511344,90.000000,top
"R5","15.0k","R_0603_1608Metric",27.982500,-22.595000,90.000000,top
"R6","2.94k 1%","R_0603_1608Metric",23.154245,-19.739678,0.000000,top
"R7","2.94k 1%","R_0603_1608Metric",19.451198,-8.347129,0.000000,top
"R8","2.2k","R_0603_1608Metric",18.300000,-15.900000,0.000000,top
"R9","100k","R_0603_1608Metric",5.212174,-19.260832,0.000000,top
"R10","100k","R_0603_1608Metric",9.849671,-9.940461,0.000000,top
"R11","100k","R_0603_1608Metric",15.845000,-1.695000,0.000000,top
"R12","100k","R_0603_1608Metric",12.553403,-1.664505,0.000000,top
"R13","49.9k 0.1%","R_0603_1608Metric",15.000000,-27.100000,90.000000,top
"R14","16.0k 0.1%","R_0603_1608Metric",12.100000,-24.900000,180.000000,top
"R15","0","R_0603_1608Metric",49.545000,-19.395000,90.000000,top
"R16","1M","R_0603_1608Metric",25.870154,-21.649661,90.000000,top
"R17","1M","R_0603_1608Metric",31.082500,-28.395000,90.000000,top
"R18","330k","R_0603_1608Metric",26.664463,-3.201376,90.000000,top
"R19","100k","R_0603_1608Metric",29.951652,-36.049741,90.000000,top
"R20","100k","R_0603_1608Metric",22.738348,-32.740259,90.000000,top
"R21","100k","R_0603_1608Metric",24.603323,-11.669183,90.000000,top
"R22","10k","R_0603_1608Metric",50.090022,-3.736469,90.000000,top
"R23","4.7k","R_0603_1608Metric",26.545000,-14.595000,90.000000,top
"R24","4.7k","R_0603_1608Metric",23.491060,-4.634660,0.000000,top
"R25","10k","R_0603_1608Metric",29.864676,-19.688901,0.000000,top
"R26","10k","R_0603_1608Metric",60.434522,-6.604541,0.000000,top
"R27","10k","R_0603_1608Metric",64.837227,-25.459362,0.000000,top
"R28","56k 1%","R_0603_1608Metric",65.337026,-10.229875,0.000000,top
"R29","10k 1%","R_0603_1608Metric",55.948571,-18.450391,0.000000,top
"R30","100k","R_0603_1608Metric",62.689120,-21.399835,90.000000,top
"R31","100k","R_0603_1608Metric",74.400880,-21.399835,90.000000,top
"R32","100k","R_0603_1608Metric",74.400880,-15.390165,90.000000,top
"R33","33.2k 1%","R_0603_1608Metric",68.528952,-12.488082,0.000000,top
"R34","47.5k 1%","R_0603_1608Metric",68.764569,-24.822768,0.000000,top
"R35","22","R_0603_1608Metric",33.559148,-23.040888,90.000000,top
"R36","22","R_0603_1608Metric",40.330852,-23.040888,90.000000,top
"R37","46.4k 1%","R_0603_1608Metric",25.686632,-18.224807,90.000000,top
"R38","10k","R_0603_1608Metric",23.868541,-2.249291,0.000000,top
"R39","10k 1%","R_0603_1608Metric",12.150000,-21.400000,0.000000,top
"R40","1M","R_0603_1608Metric",10.800000,-36.500000,90.000000,top
"SW1","DPDT caja","SW_ext_6pad",15.845000,-4.995000,0.000000,top
"SW2","BOOT","SW_SPST_B3U-1000P",20.145000,-12.195000,90.000000,top
"U1","USBLC6-2SC6","SOT-23-6",35.000000,-40.300000,90.000000,top
"U2","BQ24074","VQFN-16-1EP_3x3mm_P0.5mm_EP1.6x1.6mm",15.545000,-11.995000,-90.000000,top
"U3","TPS63070","TPS63070RNM",15.545000,-22.995000,0.000000,top
"U4","TLV75530PDBVR","SOT-23-5",21.345000,-41.795000,0.000000,top
"U5","ESP32-S3-MINI-1U-N8","ESP32-S2-MINI-1U",37.345000,-8.795000,0.000000,top
"U6","ADS122C04","TSSOP-16_4.4x5mm_P0.65mm",55.845000,-14.295000,0.000000,top
"U7","ADS122C04","TSSOP-16_4.4x5mm_P0.65mm",55.845000,-22.395000,0.000000,top
"U8","MCP6004","SOIC-14_3.9x8.7mm_P1.27mm",68.545000,-18.395000,0.000000,top
